epoch,time,train/box_loss,train/cls_loss,train/dfl_loss,metrics/precision(B),metrics/recall(B),metrics/mAP50(B),metrics/mAP50-95(B),val/box_loss,val/cls_loss,val/dfl_loss,lr/pg0,lr/pg1,lr/pg2
1,6159.27,1.4648,1.45458,1.17822,0.37359,0.3781,0.33014,0.18193,1.40458,1.14671,1.18102,0.000332824,0.000332824,0.0670504
2,11783,1.32179,1.06671,1.11479,0.59701,0.3917,0.39707,0.21807,1.27979,1.07317,1.12975,0.000600208,0.000600208,0.0339844
3,17428.6,1.26426,0.9777,1.08653,0.51737,0.45949,0.45851,0.26712,1.20753,0.93967,1.09159,0.000801592,0.000801592,0.000852482
4,22932.9,1.21004,0.90977,1.06563,0.60076,0.49909,0.51715,0.2943,1.18658,0.88551,1.07526,0.000703,0.000703,0.000703
5,28440.2,1.17348,0.85963,1.04639,0.56684,0.56284,0.56891,0.32932,1.16765,0.83679,1.06894,0.000604,0.000604,0.000604
